<?xml version="1.0" encoding="utf-8"?>
<appengine-web-app xmlns="http://appengine.google.com/ns/1.0">
  <application>test</application>
  <module>background</module>
  <version>1</version>
  <use-google-connector-j>false</use-google-connector-j>

	<instance-class>B2</instance-class>
	
	<!--  use sessions and don't require that they commit to the backing store -->
	<sessions-enabled>true</sessions-enabled>
	<!--  Make GAE more like Tomcat w.r.t. threading... -->
	<threadsafe>true</threadsafe>
	
	<basic-scaling>
		<max-instances>5</max-instances>
	</basic-scaling>
	<!--  Configure static error handlers -->
	<static-error-handlers>
		<handler file="service-error.html"/>
		<handler file="over-quota.html" error-code="over_quota"/>
	</static-error-handlers>
	<!-- Configure java.util.logging -->
	<system-properties>
		<property name="java.util.logging.config.file" value="WEB-INF/logging.properties"/>
		<property name="com.google.gdata.DisableCookieHandler" value="true"/>
	</system-properties>
</appengine-web-app>
